{"initial_reset_timestamp": 1665096144.641845, "timestamps": [1665096148.808491], "episode_lengths": [1695], "episode_rewards": [21.0], "episode_types": ["t"]}